id,y_true,pred_old,pred_new,correct_old,correct_new
1,1,1,1,1,1
2,0,0,1,1,0
3,1,1,1,1,1
4,0,0,0,1,1
5,0,1,1,0,0
6,0,0,0,1,1
7,0,0,1,1,0
8,0,0,0,1,1
9,0,1,0,0,1
10,1,1,1,1,1
11,0,0,0,1,1
12,0,0,1,1,0
13,1,1,1,1,1
14,0,0,0,1,1
15,1,1,1,1,1
16,0,1,1,0,0
17,0,0,0,1,1
18,0,0,0,1,1
19,0,0,0,1,1
20,1,1,1,1,1
21,0,0,1,1,0
22,0,0,1,1,0
23,0,0,0,1,1
24,1,1,1,1,1
25,1,1,1,1,1
26,1,0,1,0,1
27,1,1,1,1,1
28,1,1,1,1,1
29,0,1,0,0,1
30,1,0,0,0,0
31,0,0,0,1,1
32,0,1,0,0,1
33,1,1,1,1,1
34,0,0,0,1,1
35,0,1,0,0,1
36,0,1,0,0,1
37,0,0,0,1,1
38,1,1,1,1,1
39,0,0,1,1,0
40,1,1,0,1,0
41,0,1,0,0,1
42,1,1,1,1,1
43,0,0,0,1,1
44,1,1,1,1,1
45,0,0,1,1,0
46,0,0,1,1,0
47,0,1,0,0,1
48,0,0,0,1,1
49,0,0,0,1,1
50,1,1,1,1,1
51,1,1,0,1,0
52,1,1,1,1,1
53,0,0,0,1,1
54,0,0,0,1,1
55,1,1,1,1,1
56,1,0,1,0,1
57,0,0,1,1,0
58,1,1,1,1,1
59,0,0,0,1,1
60,1,1,1,1,1
61,1,0,1,0,1
62,1,1,1,1,1
63,0,0,0,1,1
64,1,1,1,1,1
65,0,1,0,0,1
66,1,1,0,1,0
67,0,0,0,1,1
68,1,1,0,1,0
69,1,1,1,1,1
70,0,1,0,0,1
71,0,0,0,1,1
72,1,1,1,1,1
73,0,0,0,1,1
74,0,1,0,0,1
75,0,0,1,1,0
76,0,0,0,1,1
77,1,0,1,0,1
78,1,1,0,1,0
79,0,1,0,0,1
80,0,1,1,0,0
81,0,0,1,1,0
82,0,0,1,1,0
83,1,1,0,1,0
84,0,0,0,1,1
85,0,0,0,1,1
86,1,0,1,0,1
87,0,0,0,1,1
88,1,1,1,1,1
89,0,0,0,1,1
90,0,0,0,1,1
91,0,0,0,1,1
92,1,0,1,0,1
93,1,1,0,1,0
94,0,0,0,1,1
95,0,0,0,1,1
96,0,0,0,1,1
97,1,0,1,0,1
98,1,1,1,1,1
99,1,1,1,1,1
100,1,1,1,1,1
101,0,0,0,1,1
102,1,1,1,1,1
103,1,0,1,0,1
104,0,1,0,0,1
105,1,1,1,1,1
106,0,0,0,1,1
107,1,1,1,1,1
108,1,1,1,1,1
109,1,1,1,1,1
110,0,0,0,1,1
111,0,0,1,1,0
112,1,1,1,1,1
113,1,1,1,1,1
114,0,0,0,1,1
115,1,1,0,1,0
116,0,0,1,1,0
117,1,1,1,1,1
118,1,0,1,0,1
119,0,0,0,1,1
120,0,0,0,1,1
121,1,1,1,1,1
122,1,1,1,1,1
123,1,1,0,1,0
124,0,0,1,1,0
125,1,1,1,1,1
126,0,0,1,1,0
127,0,0,0,1,1
128,0,1,0,0,1
129,1,1,0,1,0
130,1,1,1,1,1
131,1,1,1,1,1
132,1,1,1,1,1
133,0,0,0,1,1
134,0,0,0,1,1
135,0,0,0,1,1
136,0,0,0,1,1
137,0,0,0,1,1
138,1,1,1,1,1
139,1,1,1,1,1
140,1,1,1,1,1
141,0,0,0,1,1
142,0,1,0,0,1
143,0,1,0,0,1
144,0,0,0,1,1
145,0,0,1,1,0
146,0,0,0,1,1
147,0,0,0,1,1
148,1,1,1,1,1
149,0,0,0,1,1
150,0,0,0,1,1
151,0,1,0,0,1
152,0,0,0,1,1
153,0,0,1,1,0
154,0,0,0,1,1
155,1,1,0,1,0
156,0,0,0,1,1
157,1,0,0,0,0
158,0,1,1,0,0
159,0,0,0,1,1
160,0,1,0,0,1
161,0,0,0,1,1
162,0,0,0,1,1
163,1,1,1,1,1
164,0,0,1,1,0
165,1,1,0,1,0
166,0,0,0,1,1
167,0,0,0,1,1
168,0,1,0,0,1
169,0,0,0,1,1
170,0,1,0,0,1
171,1,1,1,1,1
172,1,0,1,0,1
173,1,1,1,1,1
174,0,0,0,1,1
175,1,1,1,1,1
176,1,0,1,0,1
177,1,1,1,1,1
178,1,1,0,1,0
179,1,0,0,0,0
180,1,1,1,1,1
181,1,0,1,0,1
182,0,0,0,1,1
183,1,1,1,1,1
184,0,0,0,1,1
185,1,1,1,1,1
186,1,1,1,1,1
187,0,0,0,1,1
188,0,0,0,1,1
189,0,1,0,0,1
190,0,1,0,0,1
191,0,0,0,1,1
192,1,1,1,1,1
193,1,1,1,1,1
194,1,0,1,0,1
195,0,1,1,0,0
196,0,0,1,1,0
197,0,0,0,1,1
198,1,0,0,0,0
199,0,1,0,0,1
200,0,0,0,1,1
201,0,1,0,0,1
202,1,1,1,1,1
203,0,0,0,1,1
204,1,0,0,0,0
205,1,1,1,1,1
206,1,1,1,1,1
207,0,1,0,0,1
208,0,1,0,0,1
209,0,0,0,1,1
210,0,0,0,1,1
211,1,0,1,0,1
212,0,0,1,1,0
213,0,1,0,0,1
214,0,0,0,1,1
215,1,1,0,1,0
216,0,0,0,1,1
217,1,0,1,0,1
218,0,1,0,0,1
219,1,1,1,1,1
220,1,1,1,1,1
221,0,1,0,0,1
222,0,0,0,1,1
223,0,0,0,1,1
224,0,1,0,0,1
225,0,1,0,0,1
226,1,0,1,0,1
227,1,1,1,1,1
228,0,0,0,1,1
229,1,0,1,0,1
230,0,0,1,1,0
231,1,1,1,1,1
232,0,1,0,0,1
233,1,1,1,1,1
234,1,0,1,0,1
235,0,0,0,1,1
236,0,1,1,0,0
237,0,0,0,1,1
238,1,1,1,1,1
239,0,1,0,0,1
240,1,1,0,1,0
241,1,1,1,1,1
242,1,1,1,1,1
243,0,1,0,0,1
244,0,1,1,0,0
245,1,1,1,1,1
246,0,0,1,1,0
247,1,1,0,1,0
248,0,1,0,0,1
249,0,1,1,0,0
250,1,0,1,0,1
251,0,0,0,1,1
252,0,0,0,1,1
253,0,1,1,0,0
254,0,1,0,0,1
255,1,1,1,1,1
256,0,0,0,1,1
257,0,0,0,1,1
258,0,0,1,1,0
259,1,1,1,1,1
260,0,0,0,1,1
261,1,1,0,1,0
262,1,0,0,0,0
263,0,1,0,0,1
264,1,0,1,0,1
265,1,1,1,1,1
266,0,0,0,1,1
267,0,0,0,1,1
268,1,1,1,1,1
269,1,1,0,1,0
270,1,0,1,0,1
271,1,0,0,0,0
272,0,1,1,0,0
273,1,1,1,1,1
274,1,1,1,1,1
275,0,0,0,1,1
276,0,0,0,1,1
277,0,0,0,1,1
278,1,1,1,1,1
279,0,0,0,1,1
280,1,1,1,1,1
281,0,1,0,0,1
282,0,1,0,0,1
283,1,1,1,1,1
284,0,1,0,0,1
285,1,1,0,1,0
286,0,0,1,1,0
287,1,0,0,0,0
288,0,1,0,0,1
289,1,0,1,0,1
290,1,1,1,1,1
291,0,1,0,0,1
292,0,0,0,1,1
293,0,0,1,1,0
294,1,1,1,1,1
295,1,0,1,0,1
296,0,0,1,1,0
297,0,0,0,1,1
298,1,0,1,0,1
299,0,0,1,1,0
300,1,1,1,1,1
301,0,0,0,1,1
302,1,1,1,1,1
303,1,0,0,0,0
304,0,0,0,1,1
305,0,0,0,1,1
306,0,0,0,1,1
307,1,1,1,1,1
308,0,1,1,0,0
309,1,1,1,1,1
310,1,0,1,0,1
311,0,0,0,1,1
312,1,1,1,1,1
313,0,0,0,1,1
314,1,1,1,1,1
315,0,0,0,1,1
316,1,0,1,0,1
317,1,1,0,1,0
318,1,1,0,1,0
319,1,1,1,1,1
320,0,0,0,1,1
321,1,1,1,1,1
322,1,0,1,0,1
323,1,1,1,1,1
324,0,0,1,1,0
325,0,0,0,1,1
326,1,1,1,1,1
327,0,0,1,1,0
328,1,1,1,1,1
329,1,1,1,1,1
330,1,0,1,0,1
331,0,0,0,1,1
332,1,1,0,1,0
333,0,0,0,1,1
334,0,0,0,1,1
335,1,1,1,1,1
336,0,0,1,1,0
337,0,1,0,0,1
338,0,0,0,1,1
339,0,0,0,1,1
340,1,1,0,1,0
341,0,0,0,1,1
342,0,0,0,1,1
343,1,1,0,1,0
344,0,0,0,1,1
345,1,1,1,1,1
346,1,0,1,0,1
347,1,0,1,0,1
348,1,1,1,1,1
349,0,0,0,1,1
350,1,0,1,0,1
351,0,1,0,0,1
352,0,1,0,0,1
353,1,1,0,1,0
354,0,0,0,1,1
355,1,1,1,1,1
356,1,0,1,0,1
357,1,1,1,1,1
358,0,0,0,1,1
359,0,0,0,1,1
360,1,1,1,1,1
361,0,0,0,1,1
362,0,0,0,1,1
363,1,1,0,1,0
364,1,1,0,1,0
365,1,1,1,1,1
366,0,0,0,1,1
367,0,1,0,0,1
368,1,1,0,1,0
369,0,0,1,1,0
370,0,0,1,1,0
371,0,0,0,1,1
372,0,0,1,1,0
373,0,0,0,1,1
374,0,0,1,1,0
375,1,1,1,1,1
376,0,0,0,1,1
377,1,1,1,1,1
378,0,0,1,1,0
379,1,1,1,1,1
380,0,0,0,1,1
381,0,0,0,1,1
382,0,0,0,1,1
383,0,1,1,0,0
384,0,1,0,0,1
385,1,1,1,1,1
386,1,1,0,1,0
387,0,0,0,1,1
388,0,0,0,1,1
389,1,0,1,0,1
390,1,1,1,1,1
391,0,1,0,0,1
392,1,1,1,1,1
393,0,0,0,1,1
394,1,0,1,0,1
395,0,0,1,1,0
396,0,1,1,0,0
397,0,0,0,1,1
398,1,0,1,0,1
399,0,0,1,1,0
400,1,1,1,1,1
401,1,0,1,0,1
402,1,1,1,1,1
403,0,0,0,1,1
404,0,1,0,0,1
405,0,0,0,1,1
406,1,0,1,0,1
407,1,1,0,1,0
408,0,0,0,1,1
409,1,1,1,1,1
410,0,0,0,1,1
411,0,1,0,0,1
412,0,0,0,1,1
413,1,1,1,1,1
414,0,0,0,1,1
415,0,0,0,1,1
416,1,1,0,1,0
417,0,1,0,0,1
418,0,1,1,0,0
419,0,1,0,0,1
420,0,0,0,1,1
421,0,0,0,1,1
422,0,0,0,1,1
423,1,0,1,0,1
424,0,0,0,1,1
425,1,1,1,1,1
426,0,0,0,1,1
427,0,1,1,0,0
428,0,1,0,0,1
429,0,1,0,0,1
430,0,0,1,1,0
431,0,1,1,0,0
432,1,1,1,1,1
433,1,1,1,1,1
434,0,0,0,1,1
435,1,1,1,1,1
436,1,1,1,1,1
437,1,1,1,1,1
438,0,0,0,1,1
439,0,0,0,1,1
440,0,1,1,0,0
441,0,0,1,1,0
442,0,0,1,1,0
443,1,1,1,1,1
444,1,0,1,0,1
445,0,0,0,1,1
446,0,0,0,1,1
447,0,0,0,1,1
448,0,0,0,1,1
449,1,1,1,1,1
450,0,0,0,1,1
451,1,1,1,1,1
452,1,1,1,1,1
453,1,1,1,1,1
454,1,1,1,1,1
455,0,0,1,1,0
456,0,0,0,1,1
457,0,0,0,1,1
458,1,1,0,1,0
459,0,0,0,1,1
460,1,1,1,1,1
461,0,0,0,1,1
462,0,0,0,1,1
463,0,0,0,1,1
464,1,1,0,1,0
465,0,0,1,1,0
466,0,0,0,1,1
467,0,1,0,0,1
468,1,1,1,1,1
469,1,1,0,1,0
470,0,1,0,0,1
471,1,1,1,1,1
472,0,0,1,1,0
473,1,1,1,1,1
474,0,1,0,0,1
475,0,1,0,0,1
476,1,1,1,1,1
477,0,1,0,0,1
478,0,0,0,1,1
479,1,1,1,1,1
480,1,1,0,1,0
481,0,0,0,1,1
482,1,1,0,1,0
483,1,0,1,0,1
484,0,0,0,1,1
485,1,1,1,1,1
486,0,0,1,1,0
487,1,1,1,1,1
488,0,0,0,1,1
489,0,1,0,0,1
490,0,0,0,1,1
491,0,0,1,1,0
492,1,1,0,1,0
493,1,0,1,0,1
494,0,1,0,0,1
495,0,0,1,1,0
496,0,0,0,1,1
497,0,0,0,1,1
498,0,1,0,0,1
499,1,0,1,0,1
500,1,0,1,0,1
501,0,0,0,1,1
502,0,0,0,1,1
503,1,1,1,1,1
504,0,0,0,1,1
505,0,0,0,1,1
506,0,0,0,1,1
507,0,0,1,1,0
508,0,1,1,0,0
509,1,0,1,0,1
510,0,1,0,0,1
511,1,0,1,0,1
512,0,0,0,1,1
513,1,1,1,1,1
514,0,0,0,1,1
515,0,0,0,1,1
516,0,0,0,1,1
517,0,0,1,1,0
518,0,1,0,0,1
519,1,0,1,0,1
520,0,1,0,0,1
521,0,1,0,0,1
522,0,1,0,0,1
523,1,1,1,1,1
524,1,0,1,0,1
525,1,0,1,0,1
526,1,0,1,0,1
527,1,1,0,1,0
528,1,1,1,1,1
529,0,1,0,0,1
530,1,1,1,1,1
531,1,1,1,1,1
532,0,0,0,1,1
533,1,1,1,1,1
534,0,0,0,1,1
535,0,1,0,0,1
536,0,1,1,0,0
537,1,0,1,0,1
538,1,1,0,1,0
539,0,0,0,1,1
540,0,0,0,1,1
541,0,0,1,1,0
542,0,0,0,1,1
543,1,0,1,0,1
544,0,1,1,0,0
545,0,0,0,1,1
546,0,0,0,1,1
547,1,1,1,1,1
548,0,0,0,1,1
549,1,1,1,1,1
550,0,0,0,1,1
551,0,0,1,1,0
552,1,1,1,1,1
553,0,1,0,0,1
554,1,1,1,1,1
555,0,0,0,1,1
556,1,1,0,1,0
557,1,1,1,1,1
558,1,1,1,1,1
559,0,1,1,0,0
560,1,0,0,0,0
561,1,1,0,1,0
562,0,0,0,1,1
563,0,0,0,1,1
564,1,1,1,1,1
565,0,0,0,1,1
566,1,0,0,0,0
567,1,1,1,1,1
568,0,0,0,1,1
569,1,1,0,1,0
570,1,1,0,1,0
571,0,1,0,0,1
572,1,1,0,1,0
573,0,0,0,1,1
574,0,0,0,1,1
575,1,0,1,0,1
576,0,0,1,1,0
577,1,1,0,1,0
578,0,0,0,1,1
579,0,0,0,1,1
580,0,1,0,0,1
581,1,1,1,1,1
582,1,1,0,1,0
583,1,1,1,1,1
584,1,1,0,1,0
585,1,1,1,1,1
586,1,0,1,0,1
587,0,0,0,1,1
588,1,1,0,1,0
589,1,1,1,1,1
590,1,1,1,1,1
591,0,0,0,1,1
592,0,0,1,1,0
593,1,1,0,1,0
594,0,0,1,1,0
595,0,1,0,0,1
596,1,1,0,1,0
597,0,0,0,1,1
598,0,0,0,1,1
599,0,0,0,1,1
600,0,0,0,1,1
601,1,1,0,1,0
602,1,1,0,1,0
603,1,0,1,0,1
604,1,0,1,0,1
605,1,1,0,1,0
606,0,1,1,0,0
607,1,0,1,0,1
608,0,0,0,1,1
609,0,0,0,1,1
610,1,1,0,1,0
611,1,1,1,1,1
612,0,0,0,1,1
613,1,1,1,1,1
614,0,1,0,0,1
615,0,0,0,1,1
616,0,1,1,0,0
617,0,0,0,1,1
618,0,0,0,1,1
619,0,1,0,0,1
620,0,0,1,1,0
621,0,0,0,1,1
622,1,1,1,1,1
623,1,1,1,1,1
624,1,1,1,1,1
625,0,0,0,1,1
626,1,1,1,1,1
627,1,1,0,1,0
628,0,0,1,1,0
629,0,0,0,1,1
630,0,0,1,1,0
631,0,0,0,1,1
632,0,0,0,1,1
633,0,0,1,1,0
634,0,0,0,1,1
635,1,1,1,1,1
636,0,0,0,1,1
637,0,1,0,0,1
638,1,1,0,1,0
639,0,0,0,1,1
640,0,0,0,1,1
641,0,0,0,1,1
642,0,0,1,1,0
643,0,0,0,1,1
644,0,0,0,1,1
645,0,0,0,1,1
646,1,1,1,1,1
647,1,0,1,0,1
648,0,0,0,1,1
649,0,1,0,0,1
650,0,0,0,1,1
651,1,0,0,0,0
652,1,1,1,1,1
653,0,0,0,1,1
654,0,0,0,1,1
655,0,0,0,1,1
656,1,1,1,1,1
657,1,1,0,1,0
658,0,0,0,1,1
659,1,1,1,1,1
660,0,1,0,0,1
661,1,1,1,1,1
662,1,1,0,1,0
663,0,0,0,1,1
664,0,0,1,1,0
665,1,0,1,0,1
666,0,0,0,1,1
667,1,1,1,1,1
668,0,0,0,1,1
669,1,1,1,1,1
670,0,0,0,1,1
671,0,1,1,0,0
672,0,0,0,1,1
673,0,0,1,1,0
674,0,0,0,1,1
675,1,1,1,1,1
676,0,1,0,0,1
677,0,0,0,1,1
678,0,0,1,1,0
679,0,0,1,1,0
680,1,1,0,1,0
681,1,1,0,1,0
682,0,0,0,1,1
683,1,0,1,0,1
684,1,1,0,1,0
685,1,1,1,1,1
686,0,0,1,1,0
687,0,0,0,1,1
688,0,0,0,1,1
689,1,1,1,1,1
690,1,1,1,1,1
691,0,1,0,0,1
692,0,0,0,1,1
693,1,1,1,1,1
694,1,1,1,1,1
695,0,0,0,1,1
696,1,1,1,1,1
697,0,1,0,0,1
698,0,0,1,1,0
699,0,0,0,1,1
700,1,0,1,0,1
701,1,1,1,1,1
702,0,0,0,1,1
703,0,0,0,1,1
704,0,0,0,1,1
705,0,0,0,1,1
706,0,0,0,1,1
707,0,0,0,1,1
708,0,0,0,1,1
709,0,0,0,1,1
710,0,1,0,0,1
711,1,1,1,1,1
712,0,1,0,0,1
713,1,1,1,1,1
714,1,1,1,1,1
715,1,1,1,1,1
716,0,0,0,1,1
717,0,0,0,1,1
718,1,1,0,1,0
719,0,0,0,1,1
720,0,0,0,1,1
721,0,0,0,1,1
722,0,0,1,1,0
723,0,0,0,1,1
724,1,1,1,1,1
725,0,0,1,1,0
726,0,0,0,1,1
727,1,1,1,1,1
728,0,0,0,1,1
729,1,1,1,1,1
730,0,0,0,1,1
731,0,1,0,0,1
732,1,1,1,1,1
733,0,1,0,0,1
734,0,0,0,1,1
735,1,1,0,1,0
736,1,1,1,1,1
737,1,1,1,1,1
738,0,0,0,1,1
739,0,1,0,0,1
740,1,1,1,1,1
741,0,0,0,1,1
742,0,0,0,1,1
743,1,1,0,1,0
744,0,1,1,0,0
745,0,0,1,1,0
746,0,0,0,1,1
747,0,1,0,0,1
748,1,0,1,0,1
749,1,1,1,1,1
750,0,0,1,1,0
751,0,1,1,0,0
752,0,0,0,1,1
753,0,0,1,1,0
754,0,0,1,1,0
755,1,0,1,0,1
756,0,1,1,0,0
757,0,0,0,1,1
758,1,1,1,1,1
759,0,0,0,1,1
760,1,1,1,1,1
761,0,1,0,0,1
762,0,0,1,1,0
763,1,1,1,1,1
764,0,0,0,1,1
765,0,0,0,1,1
766,0,1,0,0,1
767,1,1,1,1,1
768,1,0,1,0,1
769,0,0,1,1,0
770,1,1,1,1,1
771,1,1,1,1,1
772,0,0,0,1,1
773,0,0,0,1,1
774,0,0,1,1,0
775,0,0,0,1,1
776,0,0,0,1,1
777,0,0,0,1,1
778,0,0,1,1,0
779,0,1,0,0,1
780,1,1,1,1,1
781,0,1,0,0,1
782,1,1,1,1,1
783,1,1,1,1,1
784,1,1,1,1,1
785,1,0,1,0,1
786,1,1,0,1,0
787,0,0,0,1,1
788,1,0,0,0,0
789,0,0,0,1,1
790,1,0,1,0,1
791,0,0,0,1,1
792,0,1,0,0,1
793,0,1,0,0,1
794,1,0,1,0,1
795,0,0,0,1,1
796,0,1,0,0,1
797,0,1,0,0,1
798,0,0,1,1,0
799,1,1,1,1,1
800,1,0,1,0,1
801,0,0,0,1,1
802,0,0,1,1,0
803,0,0,0,1,1
804,0,0,0,1,1
805,1,1,1,1,1
806,1,1,1,1,1
807,0,0,1,1,0
808,1,0,1,0,1
809,0,0,1,1,0
810,1,1,1,1,1
811,0,0,0,1,1
812,1,0,1,0,1
813,0,1,0,0,1
814,1,1,1,1,1
815,0,0,0,1,1
816,0,0,0,1,1
817,0,0,0,1,1
818,0,0,0,1,1
819,0,0,1,1,0
820,1,1,1,1,1
821,1,1,1,1,1
822,0,0,0,1,1
823,1,0,1,0,1
824,1,1,1,1,1
825,0,0,1,1,0
826,0,0,0,1,1
827,0,1,1,0,0
828,0,0,0,1,1
829,1,1,0,1,0
830,1,1,1,1,1
831,1,1,0,1,0
832,0,1,0,0,1
833,1,1,1,1,1
834,1,1,1,1,1
835,0,1,0,0,1
836,1,1,1,1,1
837,0,0,0,1,1
838,0,0,0,1,1
839,0,0,0,1,1
840,0,0,0,1,1
841,1,0,0,0,0
842,0,1,0,0,1
843,0,1,0,0,1
844,0,0,0,1,1
845,0,0,0,1,1
846,0,0,0,1,1
847,0,1,0,0,1
848,1,1,1,1,1
849,0,0,0,1,1
850,1,1,1,1,1
851,0,1,0,0,1
852,1,0,0,0,0
853,1,0,1,0,1
854,0,0,0,1,1
855,0,0,0,1,1
856,1,1,0,1,0
857,0,0,0,1,1
858,1,0,1,0,1
859,0,0,1,1,0
860,0,0,0,1,1
861,0,0,0,1,1
862,1,1,1,1,1
863,0,0,0,1,1
864,1,1,1,1,1
865,1,0,1,0,1
866,0,0,0,1,1
867,0,0,0,1,1
868,0,0,0,1,1
869,0,0,0,1,1
870,1,1,1,1,1
871,0,1,0,0,1
872,0,0,0,1,1
873,1,0,1,0,1
874,1,1,1,1,1
875,0,0,0,1,1
876,1,1,1,1,1
877,0,0,0,1,1
878,1,0,1,0,1
879,0,0,1,1,0
880,0,0,1,1,0
881,0,0,0,1,1
882,1,0,1,0,1
883,1,1,1,1,1
884,0,1,0,0,1
885,1,1,1,1,1
886,1,0,1,0,1
887,0,0,0,1,1
888,1,1,1,1,1
889,0,1,0,0,1
890,1,1,1,1,1
891,0,0,0,1,1
892,0,0,1,1,0
893,0,0,0,1,1
894,0,0,0,1,1
895,1,1,1,1,1
896,0,1,0,0,1
897,0,1,0,0,1
898,0,0,0,1,1
899,1,1,0,1,0
900,1,0,1,0,1
901,0,0,0,1,1
902,0,0,0,1,1
903,0,0,1,1,0
904,1,1,1,1,1
905,1,1,0,1,0
906,1,1,1,1,1
907,1,0,1,0,1
908,0,0,1,1,0
909,1,1,1,1,1
910,0,0,0,1,1
911,0,0,1,1,0
912,0,1,0,0,1
913,0,0,0,1,1
914,1,0,0,0,0
915,0,0,1,1,0
916,1,1,0,1,0
917,1,1,0,1,0
918,1,1,1,1,1
919,1,0,0,0,0
920,0,0,0,1,1
921,0,0,0,1,1
922,0,0,0,1,1
923,0,0,1,1,0
924,1,0,1,0,1
925,0,0,1,1,0
926,0,0,0,1,1
927,0,0,0,1,1
928,0,0,0,1,1
929,1,1,1,1,1
930,0,0,0,1,1
931,1,1,1,1,1
932,1,1,1,1,1
933,1,1,1,1,1
934,0,1,0,0,1
935,1,1,1,1,1
936,0,0,0,1,1
937,0,0,0,1,1
938,1,1,1,1,1
939,1,0,1,0,1
940,0,0,0,1,1
941,1,1,1,1,1
942,0,1,0,0,1
943,1,0,1,0,1
944,1,0,1,0,1
945,0,0,0,1,1
946,1,1,1,1,1
947,1,1,0,1,0
948,1,1,1,1,1
949,1,1,1,1,1
950,1,0,0,0,0
951,0,0,0,1,1
952,1,1,1,1,1
953,0,0,1,1,0
954,1,1,1,1,1
955,0,0,1,1,0
956,0,1,0,0,1
957,1,1,1,1,1
958,0,0,0,1,1
959,0,0,0,1,1
960,1,1,0,1,0
961,0,0,0,1,1
962,0,0,0,1,1
963,0,0,0,1,1
964,0,0,0,1,1
965,0,0,0,1,1
966,0,1,1,0,0
967,0,0,0,1,1
968,0,0,1,1,0
969,0,1,0,0,1
970,1,0,1,0,1
971,1,1,1,1,1
972,0,0,0,1,1
973,0,1,0,0,1
974,1,1,1,1,1
975,1,1,1,1,1
976,0,0,1,1,0
977,0,1,1,0,0
978,0,0,1,1,0
979,1,1,0,1,0
980,1,1,1,1,1
981,1,0,1,0,1
982,0,0,1,1,0
983,0,1,1,0,0
984,0,0,1,1,0
985,0,1,0,0,1
986,0,1,0,0,1
987,1,1,0,1,0
988,0,0,1,1,0
989,1,1,1,1,1
990,0,1,1,0,0
991,0,0,0,1,1
992,1,1,0,1,0
993,1,0,1,0,1
994,0,0,1,1,0
995,1,0,1,0,1
996,0,0,0,1,1
997,0,0,0,1,1
998,0,0,0,1,1
999,0,0,0,1,1
1000,1,1,0,1,0
1001,0,1,0,0,1
1002,1,1,0,1,0
1003,1,1,1,1,1
1004,0,1,0,0,1
1005,0,1,0,0,1
1006,0,0,0,1,1
1007,1,0,1,0,1
1008,1,1,0,1,0
1009,1,1,0,1,0
1010,0,0,0,1,1
1011,0,1,1,0,0
1012,0,0,0,1,1
1013,0,0,0,1,1
1014,1,0,1,0,1
1015,0,0,0,1,1
1016,0,0,0,1,1
1017,0,0,0,1,1
1018,0,0,0,1,1
1019,1,1,1,1,1
1020,0,0,0,1,1
1021,1,0,1,0,1
1022,1,1,1,1,1
1023,1,1,0,1,0
1024,1,1,1,1,1
1025,1,1,1,1,1
1026,1,0,1,0,1
1027,0,0,0,1,1
1028,0,0,0,1,1
1029,1,1,0,1,0
1030,0,0,0,1,1
1031,0,0,0,1,1
1032,1,0,1,0,1
1033,0,0,0,1,1
1034,0,0,0,1,1
1035,1,1,1,1,1
1036,0,0,1,1,0
1037,1,1,1,1,1
1038,0,0,0,1,1
1039,1,1,1,1,1
1040,1,0,0,0,0
1041,0,1,0,0,1
1042,0,0,0,1,1
1043,0,1,1,0,0
1044,0,0,0,1,1
1045,0,0,1,1,0
1046,1,0,1,0,1
1047,0,0,0,1,1
1048,1,1,0,1,0
1049,0,0,0,1,1
1050,1,1,1,1,1
1051,0,1,0,0,1
1052,0,0,0,1,1
1053,1,0,0,0,0
1054,0,0,0,1,1
1055,1,1,0,1,0
1056,0,0,0,1,1
1057,0,1,0,0,1
1058,0,0,0,1,1
1059,1,0,1,0,1
1060,0,0,1,1,0
1061,0,0,0,1,1
1062,0,0,0,1,1
1063,0,0,0,1,1
1064,0,1,0,0,1
1065,1,1,0,1,0
1066,0,0,0,1,1
1067,1,1,1,1,1
1068,0,0,0,1,1
1069,0,0,0,1,1
1070,0,1,1,0,0
1071,0,0,0,1,1
1072,0,0,0,1,1
1073,0,0,0,1,1
1074,0,0,0,1,1
1075,1,1,0,1,0
1076,0,0,0,1,1
1077,0,0,0,1,1
1078,0,1,0,0,1
1079,0,1,1,0,0
1080,1,0,0,0,0
1081,0,1,0,0,1
1082,1,1,1,1,1
1083,0,1,0,0,1
1084,0,0,0,1,1
1085,1,1,1,1,1
1086,0,0,1,1,0
1087,1,1,0,1,0
1088,0,1,0,0,1
1089,1,0,1,0,1
1090,0,0,0,1,1
1091,0,0,0,1,1
1092,1,1,1,1,1
1093,0,0,0,1,1
1094,0,1,1,0,0
1095,1,0,1,0,1
1096,1,1,0,1,0
1097,1,1,1,1,1
1098,1,1,1,1,1
1099,1,1,1,1,1
1100,1,1,0,1,0
1101,1,1,1,1,1
1102,0,0,0,1,1
1103,0,0,0,1,1
1104,1,1,1,1,1
1105,1,1,1,1,1
1106,0,0,0,1,1
1107,0,1,0,0,1
1108,0,0,1,1,0
1109,0,0,0,1,1
1110,1,1,1,1,1
1111,0,0,0,1,1
1112,1,1,1,1,1
1113,1,1,0,1,0
1114,1,1,1,1,1
1115,0,1,0,0,1
1116,1,1,0,1,0
1117,1,1,1,1,1
1118,1,0,1,0,1
1119,0,0,0,1,1
1120,0,0,0,1,1
1121,1,0,1,0,1
1122,0,0,0,1,1
1123,0,0,0,1,1
1124,1,1,1,1,1
1125,1,1,0,1,0
1126,0,1,0,0,1
1127,0,0,0,1,1
1128,0,0,0,1,1
1129,1,1,1,1,1
1130,1,1,1,1,1
1131,0,0,0,1,1
1132,0,0,1,1,0
1133,0,1,1,0,0
1134,0,0,1,1,0
1135,1,0,1,0,1
1136,0,0,0,1,1
1137,0,0,0,1,1
1138,0,0,0,1,1
1139,0,1,0,0,1
1140,1,1,1,1,1
1141,1,1,1,1,1
1142,1,0,1,0,1
1143,0,0,0,1,1
1144,1,1,1,1,1
1145,0,0,0,1,1
1146,1,1,1,1,1
1147,1,1,1,1,1
1148,0,0,0,1,1
1149,1,0,0,0,0
1150,0,0,0,1,1
1151,1,1,1,1,1
1152,0,1,0,0,1
1153,0,0,0,1,1
1154,0,0,1,1,0
1155,0,0,0,1,1
1156,0,0,1,1,0
1157,0,0,1,1,0
1158,1,0,1,0,1
1159,0,1,0,0,1
1160,0,0,0,1,1
1161,1,1,1,1,1
1162,1,0,1,0,1
1163,0,0,0,1,1
1164,0,1,0,0,1
1165,1,1,1,1,1
1166,1,1,1,1,1
1167,0,1,0,0,1
1168,1,1,0,1,0
1169,0,0,0,1,1
1170,0,1,0,0,1
1171,1,1,0,1,0
1172,1,1,1,1,1
1173,1,1,1,1,1
1174,0,0,0,1,1
1175,0,0,0,1,1
1176,0,0,1,1,0
1177,0,0,0,1,1
1178,0,1,0,0,1
1179,0,0,0,1,1
1180,0,0,0,1,1
1181,1,1,1,1,1
1182,0,1,0,0,1
1183,0,0,0,1,1
1184,1,0,1,0,1
1185,0,0,0,1,1
1186,1,1,0,1,0
1187,0,1,0,0,1
1188,0,1,0,0,1
1189,1,1,1,1,1
1190,1,1,0,1,0
1191,1,1,1,1,1
1192,1,1,0,1,0
1193,0,1,0,0,1
1194,1,0,0,0,0
1195,1,1,0,1,0
1196,1,1,1,1,1
1197,0,0,0,1,1
1198,0,0,0,1,1
1199,1,1,1,1,1
1200,0,0,0,1,1
1201,0,0,0,1,1
1202,0,0,1,1,0
1203,0,1,0,0,1
1204,0,0,0,1,1
1205,0,0,0,1,1
1206,0,0,0,1,1
1207,0,0,0,1,1
1208,1,1,1,1,1
1209,0,0,0,1,1
1210,0,0,1,1,0
1211,0,0,0,1,1
1212,0,1,1,0,0
1213,1,1,1,1,1
1214,1,1,1,1,1
1215,0,0,0,1,1
1216,0,1,0,0,1
1217,0,0,1,1,0
1218,0,1,0,0,1
1219,0,0,0,1,1
1220,0,0,1,1,0
1221,0,0,0,1,1
1222,1,1,0,1,0
1223,0,0,0,1,1
1224,0,0,1,1,0
1225,0,0,0,1,1
1226,0,0,0,1,1
1227,0,0,0,1,1
1228,0,0,0,1,1
1229,0,1,1,0,0
1230,0,0,0,1,1
1231,1,0,1,0,1
1232,1,1,1,1,1
1233,0,1,1,0,0
1234,0,1,0,0,1
1235,1,1,0,1,0
1236,1,0,1,0,1
1237,0,0,1,1,0
1238,0,0,0,1,1
1239,0,1,0,0,1
1240,1,1,1,1,1
1241,0,0,0,1,1
1242,0,0,1,1,0
1243,0,0,1,1,0
1244,0,0,0,1,1
1245,0,0,1,1,0
1246,1,1,1,1,1
1247,0,0,0,1,1
1248,0,0,0,1,1
1249,0,0,0,1,1
1250,1,1,1,1,1
1251,0,0,0,1,1
1252,0,0,0,1,1
1253,0,1,0,0,1
1254,1,0,0,0,0
1255,1,1,1,1,1
1256,1,1,1,1,1
1257,1,0,1,0,1
1258,0,1,0,0,1
1259,0,0,0,1,1
1260,0,0,0,1,1
1261,1,1,1,1,1
1262,1,1,1,1,1
1263,0,1,1,0,0
1264,1,1,0,1,0
1265,0,0,0,1,1
1266,0,0,1,1,0
1267,0,1,1,0,0
1268,1,1,1,1,1
1269,1,0,1,0,1
1270,0,0,0,1,1
1271,1,1,1,1,1
1272,1,1,1,1,1
1273,1,1,0,1,0
1274,1,0,1,0,1
1275,0,0,0,1,1
1276,1,1,1,1,1
1277,1,1,1,1,1
1278,1,1,1,1,1
1279,0,0,1,1,0
1280,1,1,1,1,1
1281,1,1,1,1,1
1282,0,0,0,1,1
1283,1,1,1,1,1
1284,0,0,0,1,1
1285,0,0,0,1,1
1286,0,0,0,1,1
1287,1,1,1,1,1
1288,1,1,0,1,0
1289,0,1,0,0,1
1290,1,0,1,0,1
1291,0,0,0,1,1
1292,0,0,1,1,0
1293,1,1,1,1,1
1294,1,1,1,1,1
1295,1,1,1,1,1
1296,1,1,1,1,1
1297,1,0,1,0,1
1298,0,0,0,1,1
1299,0,0,0,1,1
1300,0,0,0,1,1
1301,1,1,1,1,1
1302,1,1,1,1,1
1303,1,1,1,1,1
1304,0,0,0,1,1
1305,0,1,0,0,1
1306,1,0,1,0,1
1307,1,1,1,1,1
1308,0,1,0,0,1
1309,0,0,0,1,1
1310,0,1,1,0,0
1311,0,0,1,1,0
1312,0,0,0,1,1
1313,0,0,0,1,1
1314,1,1,1,1,1
1315,0,0,0,1,1
1316,0,0,0,1,1
1317,0,0,1,1,0
1318,1,1,0,1,0
1319,0,0,0,1,1
1320,0,1,0,0,1
1321,0,0,0,1,1
1322,1,0,1,0,1
1323,1,1,1,1,1
1324,0,0,1,1,0
1325,0,0,1,1,0
1326,0,0,0,1,1
1327,1,1,1,1,1
1328,1,0,1,0,1
1329,0,0,1,1,0
1330,0,1,0,0,1
1331,1,1,1,1,1
1332,1,1,1,1,1
1333,0,0,0,1,1
1334,0,1,0,0,1
1335,0,0,0,1,1
1336,1,1,1,1,1
1337,1,1,0,1,0
1338,1,1,1,1,1
1339,1,0,1,0,1
1340,0,1,0,0,1
1341,0,0,0,1,1
1342,0,1,0,0,1
1343,1,1,1,1,1
1344,1,1,1,1,1
1345,0,0,1,1,0
1346,0,0,0,1,1
1347,1,1,1,1,1
1348,1,1,1,1,1
1349,1,1,1,1,1
1350,0,1,0,0,1
1351,1,0,0,0,0
1352,1,1,0,1,0
1353,1,1,0,1,0
1354,1,1,1,1,1
1355,1,1,1,1,1
1356,1,1,0,1,0
1357,1,1,1,1,1
1358,0,0,0,1,1
1359,0,0,1,1,0
1360,1,1,1,1,1
1361,1,1,1,1,1
1362,0,1,1,0,0
1363,0,0,0,1,1
1364,1,1,1,1,1
1365,1,1,1,1,1
1366,1,1,0,1,0
1367,0,0,0,1,1
1368,1,1,1,1,1
1369,1,1,1,1,1
1370,0,0,0,1,1
1371,0,0,0,1,1
1372,1,1,1,1,1
1373,0,0,0,1,1
1374,1,1,1,1,1
1375,1,1,1,1,1
1376,1,1,1,1,1
1377,0,0,0,1,1
1378,1,1,0,1,0
1379,0,0,0,1,1
1380,1,1,1,1,1
1381,0,0,0,1,1
1382,1,1,1,1,1
1383,1,1,1,1,1
1384,0,1,0,0,1
1385,0,1,0,0,1
1386,1,0,1,0,1
1387,0,0,1,1,0
1388,0,0,0,1,1
1389,0,0,0,1,1
1390,1,1,1,1,1
1391,1,1,1,1,1
1392,0,0,0,1,1
1393,1,1,1,1,1
1394,0,0,0,1,1
1395,0,0,0,1,1
1396,0,0,0,1,1
1397,0,1,0,0,1
1398,0,0,0,1,1
1399,1,1,0,1,0
1400,0,1,1,0,0
1401,1,1,1,1,1
1402,0,0,0,1,1
1403,0,0,0,1,1
1404,0,0,1,1,0
1405,1,1,0,1,0
1406,1,0,0,0,0
1407,0,1,0,0,1
1408,0,1,0,0,1
1409,0,1,1,0,0
1410,1,1,1,1,1
1411,0,1,0,0,1
1412,1,1,1,1,1
1413,0,0,0,1,1
1414,0,0,0,1,1
1415,1,0,1,0,1
1416,0,1,1,0,0
1417,0,0,1,1,0
1418,1,1,0,1,0
1419,0,0,0,1,1
1420,0,0,0,1,1
1421,0,1,0,0,1
1422,0,1,1,0,0
1423,1,1,1,1,1
1424,0,0,1,1,0
1425,1,1,1,1,1
1426,1,1,1,1,1
1427,1,1,0,1,0
1428,1,0,1,0,1
1429,1,1,0,1,0
1430,1,0,1,0,1
1431,0,0,0,1,1
1432,0,0,0,1,1
1433,1,1,0,1,0
1434,0,0,0,1,1
1435,1,1,1,1,1
1436,0,0,1,1,0
1437,1,0,1,0,1
1438,0,0,1,1,0
1439,1,1,0,1,0
1440,0,0,0,1,1
1441,0,0,0,1,1
1442,1,1,1,1,1
1443,1,1,1,1,1
1444,1,1,1,1,1
1445,1,1,0,1,0
1446,0,1,0,0,1
1447,1,1,1,1,1
1448,0,0,0,1,1
1449,0,0,0,1,1
1450,0,1,1,0,0
1451,0,0,1,1,0
1452,1,0,1,0,1
1453,1,1,1,1,1
1454,0,0,1,1,0
1455,1,1,1,1,1
1456,0,0,0,1,1
1457,0,0,1,1,0
1458,1,1,0,1,0
1459,0,0,0,1,1
1460,0,1,0,0,1
1461,1,1,0,1,0
1462,0,0,0,1,1
1463,0,0,0,1,1
1464,1,1,0,1,0
1465,0,0,0,1,1
1466,1,1,1,1,1
1467,1,1,1,1,1
1468,0,0,0,1,1
1469,0,0,0,1,1
1470,0,0,0,1,1
1471,1,0,1,0,1
1472,0,0,1,1,0
1473,1,1,1,1,1
1474,0,1,0,0,1
1475,1,1,1,1,1
1476,0,0,0,1,1
1477,0,1,1,0,0
1478,0,0,0,1,1
1479,1,0,1,0,1
1480,1,1,0,1,0
1481,0,1,0,0,1
1482,0,1,0,0,1
1483,0,0,1,1,0
1484,0,1,0,0,1
1485,1,1,1,1,1
1486,1,1,0,1,0
1487,1,1,0,1,0
1488,0,0,0,1,1
1489,0,0,1,1,0
1490,1,1,1,1,1
1491,0,0,0,1,1
1492,1,1,0,1,0
1493,0,1,0,0,1
1494,0,0,1,1,0
1495,1,0,1,0,1
1496,0,1,0,0,1
1497,1,1,1,1,1
1498,0,0,1,1,0
1499,0,1,0,0,1
1500,0,1,0,0,1
